	id
0	#per635
1	#org25
2	#per71
3	#pla154
4	#pla41
5	#per69
6	#org24
7	#pla288
8	#per257
9	#org122
10	#pla1
11	#org12
12	#per637
13	#per4
14	#pla2
15	#pla51
16	#per14
17	#pla292
18	#pla285
19	#per1
20	#per70
21	#per638
22	#org95
23	#pla4
24	#pla69
25	#per2
26	#pla291
27	#org0
28	#org14
29	#org88
30	#per17
31	#org21
32	#pla287
33	#pla284
34	#pla281
35	#org101
36	#wor1
37	#pla72
38	#per642
39	#org103
40	#pla90
41	#per612
42	#org130
43	#pla289
44	#org70
45	#per640
46	#pla283
47	#pla280
48	#per26
49	#org8
50	#per639
51	#pla3
52	#org135
53	#org100
54	#per272
55	#tim2
56	#per500
57	#org18
58	#pla5
59	#per641
60	#pla137
61	#org19
62	#pla290
63	#pla30
64	#pla286
65	#per636
66	#pla282
67	#per620
